Metric,Value
total_epochs,100
final_mse,0.00389350694604218
best_mse,0.0036341040395200253
average_mse,29.003078857604415
final_kp,20.5257625579834
final_ki,2.4807136058807373
final_kd,0.7814214825630188
