Metric,Value
total_epochs,30
final_mse,0.003930038306862116
best_mse,0.0037987949326634407
average_mse,96.66775087468947
final_kp,20.5257625579834
final_ki,2.480700969696045
final_kd,0.781297504901886
