Metric,Value
total_epochs,30
final_mse,13.704591751098633
best_mse,13.675942420959473
average_mse,32.50661427179973
