Metric,Value
total_epochs,30
final_mse,1.192596386090372e-07
best_mse,5.425041038620293e-08
average_mse,163.2320815718598
