Metric,Value
total_epochs,20
final_mse,0.002961261896416545
best_mse,0.002741615055128932
average_mse,44.42928641855251
