Metric,Value
total_epochs,30
final_mse,0.00554779265075922
best_mse,2.496755405445583e-05
average_mse,0.04420244656030263
