Metric,Value
total_epochs,30
final_mse,0.0005578359705395997
best_mse,0.0002947394968941808
average_mse,0.019539636328894026
