Metric,Value
total_epochs,30
final_mse,0.7560552954673767
best_mse,0.7560552954673767
average_mse,382.98402077158295
final_kp,0.12730416655540466
final_ki,0.008605854585766792
final_kd,0.09541690349578857
