Metric,Value
total_epochs,3
final_mse,0.22509445250034332
best_mse,0.22509445250034332
average_mse,0.2541493425766627
final_kp,0.5
final_ki,0.009999999776482582
final_kd,0.009999999776482582
