Metric,Value
total_epochs,30
final_mse,0.0062824212945997715
best_mse,3.4613807656569406e-05
average_mse,0.037953860047249086
final_kp,0.800000011920929
final_ki,0.07000000029802322
final_kd,0.029999999329447746
