Metric,Value
total_epochs,30
final_mse,1.4002996806539159e-07
best_mse,6.487830006562945e-08
average_mse,0.037086946670784236
final_kp,0.5000008940696716
final_ki,0.008928224444389343
final_kd,0.010000340640544891
