Metric,Value
total_epochs,50
final_mse,4.433054709807038e-05
best_mse,3.2594780350336805e-05
average_mse,0.00809611928401864
final_kp,0.5
final_ki,0.009999999776482582
final_kd,0.009999999776482582
