Metric,Value
total_epochs,50
final_mse,0.0015055866679176688
best_mse,2.5252500563510694e-05
average_mse,0.046447911620234664
final_kp,0.11100296676158905
final_ki,0.01921987161040306
final_kd,0.008958213962614536
